id,username,nome,email,idade,cidade
1,barbaramunoz,Timothy Davis,yvargas@example.org,39,Brownbury
2,oharrison,Jennifer Smith,pattersonscott@example.net,20,Michelleside
3,juliebutler,Kyle Stark,ryanwilliams@example.com,19,West Robertburgh
4,christophersmith,Rebecca Huber,andrew83@example.org,72,Meaganchester
5,robertgates,Michael Gomez,john60@example.net,73,New Kristin
6,ryan51,Victor Robinson,chloemoreno@example.org,47,South Willieton
7,andrea50,Adam Perkins,meadowsfernando@example.com,59,Port Anthony
8,jesseknight,Phillip Robinson,brett74@example.net,72,Port Joshuaberg
9,christopher85,Brandi Gomez,kchen@example.org,62,New Michelle
10,charper,Kendra Wallace,julian26@example.org,51,Robinsonstad
11,pdennis,Austin Higgins,bakerwilliam@example.com,30,New Danny
12,awallace,Danielle Adams,collinsrita@example.org,32,Reynoldsberg
13,curtis41,Dylan Krause,doughertykelly@example.org,38,North Jean
14,melody79,Thomas Moore,heidiburke@example.net,41,Thomasborough
15,meghan58,Richard Anderson,virginiawilliams@example.net,60,North Kimberlyville
16,scott25,Daniel House,wmathews@example.org,58,Lake Emilyshire
17,kray,Mary Patterson,aarondavis@example.com,35,West Michaelborough
18,nicoletran,Mitchell Olson,brandonmorris@example.net,37,Lindseyville
19,uwalker,William Ochoa,matthew00@example.org,36,Charlesview
20,gregoryjason,Jeffrey Brennan,ubailey@example.org,65,Jessicaland
21,qstewart,Stephanie Wolfe,owenstimothy@example.org,69,Port Kristenfort
22,edwardescobar,Katherine Morrison,donaldlee@example.org,72,West Christina
23,shaffermichael,Brian Barrera,samanthabriggs@example.net,41,New Dale
24,mmorales,Lindsey Kennedy,jensenjulia@example.net,44,West Sarah
25,michellecampos,Nicole Martinez,jerry89@example.org,21,Maryfurt
26,blove,Daniel Garrett,xstewart@example.net,46,West Jacobberg
27,jeffrey05,Madison Watson,ykramer@example.net,48,North Loriville
28,shelbymorris,Lisa Sherman,samanthagutierrez@example.com,39,Amandaborough
29,jhudson,Karen Santiago,pattersonalexander@example.com,48,North James
30,melissa45,Jacob Mason,edwardsbrenda@example.net,71,Melissastad
31,gdunn,Sarah Rose,triciawood@example.net,29,North John
32,eburns,Brian Shaw,ricardoferguson@example.org,67,Davidland
33,jeffrey15,Cesar Hull,eortiz@example.com,55,Mckayview
34,thomas74,Deanna Brooks,kimdiana@example.net,37,Port Christopher
35,gonzalezglen,James Parker DDS,dana05@example.org,64,Jefferyburgh
36,rhill,Mark Stokes,davidreynolds@example.org,21,North Joanne
37,jennifermartin,Megan Jimenez,ofrank@example.org,71,Wallaceport
38,deleonclaire,Max Lopez,leemartin@example.com,78,Dickersonport
39,jillian06,Mike Garcia,alejandra00@example.net,26,Port Jenniferstad
40,jamie46,Sarah Thomas,sandra93@example.org,38,New Robinburgh
41,cisnerosjoel,Emma Ramirez,castillopeter@example.org,32,Singletonview
42,davidmelendez,Vanessa Spencer,trevor15@example.net,42,Johnbury
43,joshua76,Austin House,cabrerajames@example.org,70,Thomasside
44,roberto41,Kevin Higgins,nicholas00@example.com,33,Contrerasville
45,paul06,Eduardo Montes,crystalmartin@example.org,80,Richardborough
46,brownandrew,Mrs. Lauren Sexton,imiddleton@example.net,51,Salashaven
47,lauren94,Mary Wilson,ajohnson@example.net,73,Port Leah
48,erika04,Benjamin Walker,fpark@example.com,68,Port Joanna
49,melissa78,Haley Orozco,nreeves@example.org,44,Port Ronald
50,robert52,Lindsey Brown,rodriguezbenjamin@example.net,63,Lake Joelmouth
51,wilkersonkathy,Bailey Patrick,joelmckay@example.org,57,South Matthew
52,tiffany55,Travis Joseph,zmoses@example.com,43,Gilesshire
53,bfletcher,Carolyn Garner,jpalmer@example.com,46,Ericborough
54,danielvargas,Amber Rios,bmack@example.org,75,South Edwardbury
55,kfleming,David Allen,levans@example.com,23,Alisonville
56,farmerpaula,Todd Price,madisonvaldez@example.com,46,Port Katherine
57,freemanlindsey,Sheila Frey,kinghannah@example.com,49,Hesterstad
58,agrant,Melinda Hinton,ihood@example.com,54,Colemanchester
59,pmccarthy,Elizabeth Rodriguez,ltorres@example.org,21,Zimmermanberg
60,timothy73,Thomas Jones,cynthia42@example.net,37,East Crystal
61,nelsonkevin,Rachel Sanchez,robertomccoy@example.com,24,Port Kimberlytown
62,jamiecarey,John Gordon,mollyrobinson@example.net,63,North Amy
63,omiller,Austin Roy,zjohnson@example.net,19,Lake Karina
64,tlee,Tara Lambert,danielstone@example.net,67,Johnsonborough
65,jgarza,Kristy Perry,eturner@example.com,28,West Allisonburgh
66,michaelcharles,Mrs. Danielle Navarro,kennethsimpson@example.com,41,Rhodesburgh
67,larsonemily,Selena Hobbs,cynthia76@example.org,30,Deniseview
68,huntkyle,Dylan Juarez,phillip33@example.net,40,North Thomas
69,william99,Joshua Sandoval,bonniesanders@example.com,44,Nathanberg
70,thull,Christina Hamilton,amypayne@example.com,48,North Tamarashire
71,qadams,Phillip French,wphillips@example.net,27,Averyberg
72,jrogers,Mark Moore,mariegregory@example.org,44,Brandonfurt
73,pamela57,Ruth Beck,lauracollins@example.com,24,Donnamouth
74,lisa61,Manuel Forbes,mooreamanda@example.com,37,North Lisa
75,jose10,Donna Brown,mmiller@example.org,73,New Jacob
76,pollardjames,Nicholas Jordan,matthew72@example.net,65,Zamoraland
77,ddodson,Christopher Turner,hoganrachel@example.net,47,Franklinville
78,pcampbell,Luis Anderson,charleshughes@example.com,53,East Emilyville
79,kholmes,Michael Cunningham,rodriguezmadison@example.com,60,Jesseborough
80,goodsuzanne,Dr. Michael Campbell,garciajennifer@example.com,18,Lake Anita
81,katherinewalker,Stephanie Payne,stevenmcguire@example.com,75,Madelinemouth
82,leontaylor,Andre Perez,lduncan@example.net,66,East Jon
83,gregorymurphy,Rhonda Hunter,antonio29@example.net,68,Hannahview
84,colestone,Stuart Anderson,robertmitchell@example.net,22,Julieport
85,ymiranda,Jessica Hogan,bzamora@example.org,19,Rebeccastad
86,nhoward,Scott Waters,hahnelizabeth@example.net,27,New Heather
87,heathbrittany,Mary Richardson,kylieroy@example.net,53,West Lindamouth
88,hopkinskatie,Karen Castillo,james65@example.org,29,Port Danny
89,fergusonamanda,Manuel Norton,campbellelizabeth@example.net,77,Sancheztown
90,tyler43,Joshua Cunningham,morrowdiane@example.net,50,New Michellechester
91,ocontreras,George Castro,rebekah12@example.net,43,Alexanderview
92,allen47,Ms. Amy Mckay,rickylopez@example.net,43,Cathytown
93,ayoung,Jessica Dixon,chadmaldonado@example.net,44,Floreshaven
94,maddoxcrystal,Edward Adams,montgomeryleonard@example.org,25,Port Stephanieville
95,danielle24,Krista Lang,bryanroman@example.org,30,Jeffreyfort
96,leonardbryan,Sandra Estrada,jonesdanielle@example.com,42,Donaldville
97,petersondavid,Carol Torres,chad32@example.com,36,Lake James
98,william47,Gregory Christian,floydchristopher@example.org,44,Olsonberg
99,brian65,Linda Morris,jessicakelley@example.net,60,Kevintown
100,ktaylor,Alexander Morgan,smithstephanie@example.net,23,Port Sarahfort
101,olivia93,Mr. Richard Hunter,catherinemartinez@example.com,28,Port Shannonton
102,ocastillo,John Pace,christian46@example.org,60,Lake Arthurchester
103,wdavis,Kelsey Garcia,donaldfreeman@example.org,51,Chelseahaven
104,owilson,Kathleen Murray,andrew00@example.net,60,Lake Tina
105,lesliebradshaw,Miss Amy Stafford,karen67@example.net,69,North Patrickmouth
106,cfleming,Karen Parker,emily67@example.com,39,Rachelport
107,gibsonronald,Carol Robertson,williamli@example.com,33,Timothyton
108,nmcdonald,Kimberly Mcintyre,jameslong@example.com,47,East Jack
109,sanchezgary,Andrew Ross,galvanjulie@example.com,47,Lake Henry
110,vatkins,Kyle Hopkins,christophergray@example.com,66,Johnsonhaven
111,rodriguezwanda,Christina Sanchez,gonzalezcatherine@example.net,45,East Ashleyfurt
112,matthew04,Kevin Green,kevingrant@example.org,57,West Rachel
113,dwest,Katherine Tyler,trichard@example.net,32,Nunezborough
114,meyerserin,Benjamin Miller,nicolesmith@example.org,73,South Carolshire
115,davismartin,Lauren Davis,henrydavid@example.com,67,Lake Aliciabury
116,elizabethhenry,Laura Taylor,robertomckinney@example.org,53,Port Monicabury
117,roblespamela,Angela Gardner,nreed@example.net,33,Byrdport
118,harrisonchristopher,Craig Lyons,shane15@example.org,53,Dillonport
119,gilbertjones,David Perkins,rodom@example.org,20,North Benjamin
120,thomasholly,Jeffrey Andrews,jasminegrant@example.net,47,Walkerville
121,lisa17,Terry Farmer,allenanthony@example.org,67,North Christina
122,rsmith,Martha Snow,brittany20@example.org,33,Katiebury
123,morrisamy,Nicholas Powell,nrivera@example.net,32,New Nathanville
124,ashley98,Steven Thomas,michaelsmith@example.org,43,East Christian
125,awood,Carrie Montgomery,toddwilliamson@example.org,36,East Tara
126,paige67,Donna Whitney,stonematthew@example.net,72,New Andrew
127,timothydelgado,Diane Snyder,vavila@example.net,30,South Nancy
128,ericwhite,Samantha Martinez MD,zgarcia@example.com,35,Michaelview
129,whitneylang,Jennifer Mejia,williamschwartz@example.net,34,South Kristin
130,whitneygarrett,Russell Williams,heidi26@example.net,27,East Joshua
131,tdalton,Joshua Mccarty,crystal82@example.com,25,Lorichester
132,alison96,Vickie Smith,millerjennifer@example.net,37,Port Kayla
133,colondennis,Jessica Evans,lee90@example.org,67,Sotoshire
134,jillian21,Allison Hodge,justinwhitaker@example.org,73,Samanthabury
135,ronnie93,George Lawson,kelligalloway@example.com,74,South Dale
136,carl00,Lisa Brown,xpeters@example.net,27,New Megan
137,vanessasoto,John Cruz,robinsoncourtney@example.org,67,Lake Kevin
138,kristajones,Brian Garrison,vgarcia@example.com,18,Mckinneyfort
139,jamesanthony,Louis Leon,prattcynthia@example.net,28,East Michaelberg
140,becklevi,Leslie Shelton,steven92@example.org,37,Timothyside
141,jasonjackson,Mary Johnson,morrisjennifer@example.com,38,West Christinemouth
142,jeanhamilton,Jeffrey Johnson,tsingleton@example.org,53,Georgeburgh
143,misty62,Angela Adams,phillipsjason@example.net,80,Adamsfurt
144,april10,Donna Davis,hallthomas@example.com,47,East Michael
145,john45,Joseph Melton,yrodriguez@example.net,52,Manningbury
146,mariehanson,Megan Wallace,tgreen@example.com,48,South Rhonda
147,vbeasley,Robert Andrews,susangrant@example.net,46,Allenfurt
148,dwoods,Rebecca Wilson,jacksonjennifer@example.com,53,Perryburgh
149,santanapatricia,Sarah Johnson,bwallace@example.net,26,Jonchester
150,esparzamaria,Penny Hansen,vburton@example.net,74,Nicoleview
151,vfoster,Beverly Pennington,joshua09@example.net,47,Jessicaborough
152,weavereric,Alan Mckenzie,briana10@example.com,36,Port Davidfort
153,jessica53,Colleen Webb,simpsondavid@example.com,58,Jacobsview
154,vbrown,Daniel Williams,wrightaustin@example.net,37,Lake Jonathan
155,hannah61,Jason Mitchell,hernandezamanda@example.net,24,Jamieview
156,umooney,Regina Bell,eking@example.net,45,Abbottstad
157,alison17,Jerome Lee,mstafford@example.org,45,Cynthiaville
158,tiffanykim,Andrew Meza,courtney48@example.com,51,Sullivanville
159,stephanie81,Craig Thomas,ybennett@example.org,62,South Annton
160,alexis45,Sean Jimenez,aparsons@example.com,38,Clarkstad
161,brownerica,Alicia Lopez,fbrown@example.org,78,East Rebecca
162,mayerpatrick,Amanda Ponce,astanley@example.org,31,Marcusport
163,dennisashley,Bryan Bowman,justinwilliams@example.com,30,Fuenteschester
164,joycebruce,Mitchell Mason,qnewton@example.org,72,East Sheila
165,eddie81,David Dunn,pearsonkristie@example.net,78,Smithside
166,hallzachary,Anne Nichols,awhite@example.com,63,West Samuel
167,vryan,Jonathan Small,shaun19@example.net,19,Mckenziefort
168,wendyrichardson,Barbara Arnold,josephwhite@example.org,74,Lake Thomasview
169,marymunoz,Johnny Camacho,thiggins@example.com,47,Port Latoya
170,ruth54,Elizabeth Hernandez MD,garzajulie@example.org,45,Warnertown
171,michaelanderson,Colleen Black,martinsusan@example.com,46,Port Seanmouth
172,johnestrada,Michelle Bryan,ricky42@example.com,48,Coxview
173,nking,Amy Harvey,thomastucker@example.org,45,East Dianeport
174,fhines,Robin Baird,xcummings@example.org,34,West Brianmouth
175,kimberlyheath,Daniel Ewing,stacy39@example.com,39,Klinetown
176,sarah15,Shaun Davidson,paul79@example.com,43,Lake Melanieview
177,mary95,Theresa Fernandez,jessicadavidson@example.net,29,Robertsside
178,scottcynthia,Christina Terry,michele48@example.net,73,East Katiefort
179,sandra25,Debra Hardin,josephpratt@example.net,19,New Ginaland
180,adamwagner,Richard Williams,hellison@example.com,46,South Laura
181,eric57,Jennifer Villegas,raymondsimpson@example.net,43,Jeffreyshire
182,kelly00,Christopher Munoz,susan51@example.net,38,West Jerry
183,gregorylewis,Jesse Miranda,patrick24@example.net,57,Chrischester
184,gpeterson,Abigail Turner,fernandezsydney@example.com,44,Taylorborough
185,markmatthews,Kevin King,welchalexis@example.org,66,Williamport
186,kristengarner,Bernard Hawkins,ianlewis@example.com,76,New Karen
187,donna54,Rhonda Stout,rachelandrade@example.org,37,Suttonview
188,williamstracey,Ronald Arellano,paulryan@example.net,57,South Joshua
189,jacksonjohn,Ashley Jackson,harrismichael@example.net,63,Duartehaven
190,mwhite,George Brown,sean83@example.org,48,North Timothy
191,owalls,Brandon Murphy,cynthiazimmerman@example.org,79,South Michael
192,heather69,Patricia Williams,torresjorge@example.org,56,Noahchester
193,foxmartha,Andrew Anderson,brianwebb@example.org,28,West Michelle
194,lorikirk,Justin Davis,henrycourtney@example.net,42,New Stevenburgh
195,todd93,Michael Clark,paul30@example.net,48,Port Nancy
196,lwalsh,Christopher Ford,charles22@example.org,24,Lake Antonio
197,tracimcintyre,Jason Johns,kanejasmine@example.org,28,Mitchellton
198,xkelly,David Harrison,eric63@example.net,26,North Susan
199,christopher63,Dr. Margaret Skinner DDS,chelseapope@example.net,35,North Lisa
200,xperry,Justin Grant,dustinharris@example.org,42,Martinezstad
201,rrollins,Gary Banks,callahansuzanne@example.com,29,Jamesfurt
202,vbates,Gordon Potter,ucortez@example.net,55,New Jeanneport
203,miguelmcmahon,Walter Cooper,carlos26@example.org,49,East Gregory
204,morganbell,Andrew Brown,perezchristina@example.net,75,Lake Kimberly
205,joy83,Robert Carter,haynesrandy@example.com,39,New Josephville
206,carly82,Tammy Rose,michellelopez@example.net,50,Matthewland
207,jessicavelasquez,Cynthia Mathews,rodriguezjeffrey@example.net,59,South Juanshire
208,ishea,Jennifer Chapman,kelli05@example.org,26,Lamport
209,gordonsanchez,Pamela Hendricks,sheltontyler@example.com,63,New James
210,maryfreeman,Christine Wallace,porterryan@example.org,65,Jasonfort
211,rhondaoneal,Cory Alexander,elizabeth64@example.org,18,Greenefurt
212,christopheraguilar,Dustin Solomon,carolynnunez@example.com,29,New Kimberlyview
213,april17,Kevin Garcia,carsonmanuel@example.org,31,Hallborough
214,patrickcallahan,Brian Peterson,lnewman@example.org,30,West Daniel
215,qbecker,Janice Cummings,pamelanelson@example.net,80,Thomasside
216,brian34,Howard Thomas,sheilathompson@example.com,60,North Matthewburgh
217,amandawatkins,James Bailey,zrivera@example.com,51,North Laura
218,manuel72,Johnny Schneider,porterdebra@example.com,70,Brandimouth
219,simmonseric,Dr. Christina Wright,jacksoneric@example.org,64,North Victoria
220,archeralexander,Brittany Little,hillhannah@example.com,53,Tarahaven
221,dawn21,Gregory Stone,blanchardkenneth@example.net,60,North Mary
222,gwatts,Dylan Harris,pwhite@example.org,80,Port Tommyton
223,adam57,Patrick Gibson,deborahlee@example.net,66,New Mary
224,charles16,Whitney Mueller,brittany09@example.com,31,Port Davidside
225,gardneranthony,Perry Hopkins DDS,nancy69@example.com,37,Maryside
226,welchwilliam,Jessica Williams,rossgabriella@example.org,31,South Morgan
227,murphyjohn,Nicholas Colon,nnelson@example.com,24,Tinaville
228,stacylarson,Linda Little,brian05@example.net,73,East Jennifer
229,christopher93,Samantha Perry,josephstevens@example.net,57,Elizabethfort
230,mccormickbrian,Michael Williams,nathan44@example.net,65,Josephmouth
231,herrerajessica,Lisa Gonzalez,maria50@example.com,39,South Cynthiaport
232,sethcruz,Matthew Mays,amanda02@example.com,49,South Bradleyside
233,finleykrista,Ross Gill,jonesolivia@example.com,77,Port Diana
234,brittanyvega,Steven Kane,robertmcmillan@example.org,39,North Eric
235,timothysharp,Diane Taylor,bowmankristen@example.org,80,New Jon
236,vangdanny,Felicia Lozano,jamesbryant@example.net,61,South Alexandrashire
237,james33,Jacqueline Gibson,robertperry@example.com,50,Davidsonhaven
238,allison41,Mr. Mark Johnston,richard11@example.net,26,Brandonmouth
239,kevin42,Gregory Johnson,kaylee34@example.net,30,Gonzaleztown
240,chelsey25,Jason Duarte,greennicole@example.com,61,Peterton
241,smithjacob,Nicolas Castro,gfrye@example.com,49,Marthaside
242,rosebrown,Tiffany Williams,kevingreen@example.org,62,South Angelaton
243,alexisellis,Michael Barnes,guerrerosteven@example.net,61,Port Andre
244,brittany48,Douglas Li,petermurray@example.com,28,Charlesfurt
245,megansummers,Kelly Snyder,lyork@example.com,79,Hunterside
246,clarkjohn,Alexander Wilson,rsweeney@example.net,63,West Michael
247,prestonanna,Ronald Parsons,timothy94@example.org,71,Montgomeryburgh
248,hunter89,Sean Robinson,tford@example.net,67,Brownside
249,cfriedman,Brent Galvan,williamspeggy@example.org,72,Aprilmouth
250,alice27,Alicia Morales,kenneth51@example.net,57,Mcguireshire
251,williamsdiane,Chelsea Price,harveypaula@example.net,70,Lake Katherinemouth
252,anthonytrevino,James Johnson,wbriggs@example.org,72,South Autumnmouth
253,victor57,Lindsey Gonzalez,jasonmendoza@example.com,48,South Nicoleborough
254,mhall,Alexis Snyder,lbailey@example.net,75,Melissafurt
255,reginaparsons,Benjamin Miller,burnstimothy@example.net,56,Kennethton
256,peter87,Daniel Lopez,cody99@example.com,66,Nicholasville
257,xstewart,Kelsey Rodriguez,zimmermanbeth@example.org,75,East Williamborough
258,blawrence,Deborah Campbell,owenstracy@example.org,60,New Tinaburgh
259,howarddawn,Joseph Franco,caustin@example.net,56,South Sydneyview
260,vanessagomez,Teresa Oliver,phillip64@example.com,42,North Cindyborough
261,adam66,Alexis Morgan,bryantmichael@example.org,36,South Michaelbury
262,michaelbaker,Charles Martinez,dwood@example.org,24,Lake Sara
263,michaelwhite,Penny Hampton,clintonbennett@example.net,61,Michaelberg
264,brian26,Abigail Garza,ofox@example.net,65,Theresaville
265,angela70,George Baker,julie29@example.org,73,Johnsonport
266,lisa63,James Jordan,cweber@example.net,31,Port Juanland
267,michaeljohnson,Tina Bright,vkennedy@example.org,35,North Mirandastad
268,xward,Rita Villa,andrew78@example.com,78,East Emily
269,johnkelly,Michael Morris,markmccall@example.net,24,North Feliciamouth
270,victorialopez,Phillip Hall,taylorshannon@example.net,76,New Sabrina
271,johnsonpatrick,Susan Zamora,christine83@example.com,76,Port Steven
272,uwarner,James Martin,danny18@example.net,21,Andreview
273,geoffrey29,Austin Villa,wilsonwilliam@example.net,37,Port Adrian
274,gpacheco,Jordan Bean,dgrimes@example.com,49,Fryville
275,wagnerstephen,Daniel Roberson,anthony26@example.org,18,Stevenland
276,hunterchristine,Raymond Perry,omunoz@example.net,41,Sanchezberg
277,anthonylewis,Karen Myers,richard72@example.net,55,Kelleymouth
278,ustewart,Stacey Crane,frymisty@example.com,76,Morantown
279,eclark,Pamela Sanford,michael66@example.org,51,Lake Melissa
280,baileybrandi,Lisa Burns,danny41@example.org,74,Johnsonberg
281,cjames,Renee Carter,belindapierce@example.org,36,Meyerbury
282,pphillips,Joseph Arias,alicia29@example.com,35,Cannontown
283,amandawhite,Jennifer Mccormick,elizabethmartinez@example.com,34,Timothyton
284,ireyes,Kristopher Foster,mcameron@example.com,59,South Tylertown
285,perrywesley,Beth Kennedy,rnewton@example.org,55,Millerhaven
286,timothycaldwell,Amanda Lopez,petersontimothy@example.org,67,Lake Reginald
287,kburton,Debra Mills,lori47@example.net,18,South Craigside
288,martinrobert,Timothy Hernandez,lkaufman@example.com,18,Castillomouth
289,brendanmurray,Amanda Short,claudia21@example.com,71,West Tanner
290,brubio,Lori Torres,smithmandy@example.net,31,Jasonfurt
291,flemingsusan,Jill Phillips,nicolerichards@example.com,36,Lake Catherine
292,curtisnicole,Jason Scott,fsmith@example.net,40,North Richard
293,rpearson,David Macdonald,robertwilson@example.org,62,New Matthew
294,rebeccaskinner,Zachary Stevenson,villegasmatthew@example.org,75,Sherriberg
295,lcarney,Charles Watkins,bpatrick@example.org,30,Lake Kelseyhaven
296,rachel38,Jeffrey Wilson,woodsbrandon@example.net,55,Barnesmouth
297,seanmosley,Andrew Fitzpatrick MD,madison68@example.com,71,Kristinastad
298,mariah29,Joseph Carter,amber36@example.org,37,North Karen
299,nsmith,Andrew White,guy54@example.net,63,Nathanfort
300,ahart,Amy Walker,brownelaine@example.com,47,South Carl
301,jonathantapia,Amanda Wright,kinggregory@example.org,41,Port Debra
302,alexandermadeline,Samantha White,julia03@example.org,56,Lake Melissa
303,kelsey08,Amanda Davis,boydtina@example.net,74,South Nicholasland
304,ywhite,Todd Butler,taylorjonathan@example.net,52,Yuville
305,gduarte,Jodi Pope,nguyenjennifer@example.com,21,East Jamieland
306,urobinson,Kristina Johnson,jameswebb@example.com,50,Port Kristy
307,kevin20,Andrew Wiley,robertcook@example.net,76,Staffordview
308,stricklandwilliam,John Anderson,kylearnold@example.net,44,Mooreland
309,megan88,Mark Jones,eherrera@example.com,41,East Brianshire
310,erikshah,Traci Brown,robert13@example.org,46,Dustinberg
311,alisoncook,Megan Harper,joe63@example.org,76,Vargasshire
312,myersnicholas,Lauren Gonzalez,garyjohnson@example.org,50,Shawnton
313,watersadam,Benjamin Maldonado,jimmycarlson@example.org,39,Danielchester
314,egraham,Christina Whitney,derek63@example.org,39,Jasonview
315,helenshah,Marie Ramirez,lindavasquez@example.com,39,Lake Dustinland
316,randall31,Gregory Harris,jamesgordon@example.com,76,West Jeffreyland
317,kennedydana,Meghan Cohen,umendez@example.com,67,Hickstown
318,harperallison,Dustin Thomas,oharris@example.com,46,East Curtishaven
319,sylvia28,Amanda Russo,donovanmark@example.org,20,South Carl
320,sespinoza,Penny Ochoa,katherinewallace@example.org,61,Smithland
321,denisecarpenter,Tammy West,brownjessica@example.net,18,Port Kristinastad
322,ureed,Brittany Norton,hudsonmichael@example.net,42,South Scott
323,tonyaevans,Nathan Guerrero,doughertytracy@example.com,70,Ramirezbury
324,mark76,Angela Clarke,meganhays@example.com,40,Roachborough
325,ryan66,Wayne Wright,jsmith@example.org,54,Cynthiafurt
326,robertsjohn,Lauren Obrien,ayalaryan@example.net,36,West John
327,matthewjones,Nichole Willis,enorris@example.net,72,West Kiaramouth
328,jbecker,Debra Williams,christienewman@example.org,76,Loweton
329,banksbrian,Robert Green,gonzalesjames@example.com,68,Lake Mark
330,williamsjennifer,Jacob Scott,bauerjames@example.com,29,New Alexis
331,camposkristina,Erica Perez,garciajennifer@example.net,22,Port Robertside
332,hollycollier,Joseph Campbell,johnsonbenjamin@example.org,73,Chungport
333,michaeldavies,Laura Hudson,kristin66@example.com,72,North Ericview
334,roger45,Lauren Myers,romeromiranda@example.net,66,Clarkchester
335,mark48,Abigail Jimenez,ocervantes@example.com,60,Lake Davidchester
336,munozwilliam,Jesse Clark,sarah37@example.org,31,Gregoryview
337,james14,Michael Hopkins,christopher50@example.net,33,East Angela
338,torreszachary,Mr. Todd Ward,douglashuffman@example.org,30,Port Robertville
339,justinhumphrey,Dominique Tran,sallykeller@example.net,53,Millerchester
340,nhopkins,Natalie Hebert,wellsmelvin@example.org,53,Mcdanielhaven
341,rachelharper,Stacy Lowe,michelle33@example.org,24,West Kathleen
342,pmanning,Anthony Fitzpatrick,blackburntanya@example.org,54,Roberthaven
343,fross,Scott Meyer,jerrycrawford@example.net,70,Lake Michael
344,blopez,Darren Taylor,sullivankenneth@example.org,78,New Jodi
345,louis48,Kimberly Martin DDS,diana41@example.org,69,Port Brian
346,wilcoxnicholas,Alicia Gamble,jeremytran@example.net,29,West David
347,qblevins,Monica Reese,joannhernandez@example.com,21,Miachester
348,michaelhines,Drew Robinson,tchoi@example.net,59,Watsontown
349,erinjohnson,Lisa Jenkins,osmith@example.com,42,West Anne
350,donald45,Michael Williams,guzmanjoshua@example.org,61,Jonestown
351,watsonmatthew,Amber Torres,anthony87@example.net,74,Aprilstad
352,amydavidson,Caitlyn Young,ivan54@example.com,53,Brownfurt
353,karenchambers,Robert Baker,qwong@example.org,56,North Cassieport
354,jeremywoods,Alicia Lopez,hlopez@example.com,30,Ginaland
355,sbaldwin,Brooke Rogers,longjason@example.com,46,Parkerstad
356,kristina32,Natalie Morton,buchananjoseph@example.net,42,Scottview
357,hinespaul,Tammy Sanchez,elizabethdavis@example.net,46,Campbellton
358,cisnerosdennis,Carolyn Malone,mariamccann@example.net,43,East Christopher
359,paul26,Ruben Washington,maryjackson@example.org,31,North Evelyn
360,rachel97,Angela Sherman,carriezavala@example.net,21,South Sarahstad
361,rtodd,Lauren Delgado,barryleblanc@example.net,27,Jensenmouth
362,bwilson,Mr. Christopher Watkins,lobrien@example.net,70,Josephchester
363,powellantonio,Dr. Tammy Tucker,matthewrobinson@example.net,48,Terryton
364,mario85,Christine Edwards,john16@example.com,24,Gonzalezborough
365,sandragreen,Natalie Fuentes,kimmoore@example.net,37,Moralestown
366,yboone,Michael Morales,huntadam@example.org,18,Port Jodi
367,lauren56,Cody Joyce,chelseanovak@example.org,37,Marcburgh
368,pmathews,Edward Bullock,benjamin71@example.org,56,Blairville
369,lwalker,Charles Vasquez,brentfry@example.org,34,South Michellemouth
370,wolftiffany,David James,andrew52@example.com,60,Whitakertown
371,jonathan79,Taylor Gilbert,bridgesgary@example.org,71,Port Sabrina
372,annette92,Sydney Manning,tonybrown@example.org,72,Liumouth
373,lindsay79,Patrick Riggs,patrickhudson@example.net,48,Christinemouth
374,acoleman,Alan Jarvis,bjackson@example.com,48,Goodwinville
375,twilliams,Keith Holt V,sperez@example.net,35,New Alfredshire
376,michael10,David Allen,fowlerstephanie@example.com,36,South Andrew
377,becky01,Kimberly Wade,john08@example.com,40,North Reneeshire
378,karen12,Nicholas Whitehead,rodneyrodriguez@example.com,41,East Emilyport
379,keith63,Darren Burke,combskeith@example.org,54,East Taylorstad
380,courtneyandrews,Daryl Villarreal,mcintoshdawn@example.net,34,South Victoria
381,martintimothy,Zachary Harrington,wilsonbrian@example.net,21,Lake Traviston
382,kwong,Andrew Myers,latoya00@example.net,64,Gilesfurt
383,cruzpatrick,Cynthia Young,peterholloway@example.com,64,Buckmouth
384,katherinechristian,Susan Avery,dianepeterson@example.org,73,New Hannah
385,garzapatricia,Gerald Olson,bellricky@example.com,32,Port Lisa
386,bbrown,Elizabeth Harris,elizabeth52@example.org,75,East Reginaville
387,rzuniga,Kaitlyn Cabrera,silvavictoria@example.net,26,Brettstad
388,reidrichard,Charles Molina,nstevenson@example.org,59,West Meganshire
389,reginasparks,Julie Clark,wallacemichael@example.com,38,Carterton
390,jamesmorrow,Jason Ferguson,wwilliams@example.org,77,West Shannon
391,brittanymyers,Amanda Davis,sandramiller@example.net,39,East Kevin
392,hortonjamie,Angela Rogers,cbruce@example.com,25,Port Roy
393,hernandezfelicia,Nicole Luna,christensenjamie@example.net,56,Ashleyhaven
394,gallaghersuzanne,Nicole Wong,yhart@example.org,40,Sanchezstad
395,kingmichael,Regina Jackson,agreene@example.org,52,New Alexanderview
396,jgarcia,Christopher Travis,christine95@example.org,33,Avilaview
397,larryadkins,Jerry Shaw,tiffany02@example.com,37,North Benjamin
398,kayla82,Wanda Reynolds,wflores@example.net,68,West Lindahaven
399,bbutler,Sharon Henderson,browntimothy@example.com,52,Monicamouth
400,iballard,Christine Alvarez,catherine14@example.net,70,Amyport
401,hroberts,James Miller,keith44@example.com,77,Ginaside
402,jordanchristopher,Lisa Montes,derrickholmes@example.org,56,North Sandrafort
403,linda92,Raymond Rosales,gregory68@example.org,42,Stevenstad
404,ryanorozco,Jonathan Watson,nkelly@example.net,39,West Molly
405,james84,Shane Baker,deborahtaylor@example.net,30,Taylorshire
406,grahamrobert,Jeffrey Ramos,william50@example.com,76,Gordonmouth
407,gonzalesrobert,Kimberly Campbell,uchung@example.org,77,New Ianberg
408,davidrobinson,Thomas Bailey,ofranklin@example.com,71,Martinezville
409,zachary06,Lisa Peterson,brandon81@example.org,20,Lake Davidport
410,kingkevin,Thomas Shannon Jr.,danieldanny@example.org,18,Lake Vincent
411,maryreynolds,Kyle Duncan Jr.,lewiseric@example.com,58,North Susan
412,jenniferaguirre,Christie Ramsey,joseph97@example.net,53,Shawside
413,millersteven,Amy Blair,rbartlett@example.com,70,Ortizbury
414,henrypeter,Catherine Morales,scottballard@example.org,18,Lake Matthewborough
415,daniellecasey,Linda Scott,adam72@example.net,50,Sandersshire
416,amberkennedy,Calvin Simmons,davismaurice@example.org,24,Lake Justinmouth
417,angelalewis,Joseph Bentley,daniel74@example.net,66,North Janiceberg
418,madison46,Jade Brown,fishertimothy@example.org,50,Jesseport
419,michellecalderon,Steven Thomas,deborah20@example.net,80,Lake Jamestown
420,kaitlynfletcher,Steven Parsons,qwatson@example.com,62,New Roy
421,andrewyang,Penny Scott,clarkandrea@example.net,80,Smithmouth
422,hgomez,Andrew Neal,umatthews@example.org,29,West Mary
423,carlosgriffin,Karen Hernandez,angela17@example.org,31,New Katherine
424,charlesmccall,Luis Sullivan,emily78@example.net,42,Hollandshire
425,sabrina64,Jeffery Lane,colemanshawn@example.net,55,Khanmouth
426,lauriedavis,Jason Brown,lori27@example.com,68,New Tylerside
427,cookjames,Jennifer Alexander,dennis29@example.net,77,North Kenneth
428,matthew46,Susan Wiley,fmerritt@example.net,67,Taylorchester
429,mburke,Krystal Harris,dianadickson@example.org,50,North Kristineport
430,ashley99,Miss Tanya Blackburn,barbaraflores@example.net,60,Hopkinsville
431,durhamjudith,Carl Harper,chloe53@example.com,43,Davisville
432,qtaylor,Andrea Barnes,ytaylor@example.com,27,New Crystal
433,fball,Kristen Swanson,ronaldjohnson@example.com,70,Beverlyfort
434,blawson,Ryan Golden,zmccoy@example.net,67,New Jeremychester
435,stephenwatts,Danny Johnson,aaronwiley@example.net,40,Brucefort
436,shawnyu,James Clark,scottpatrick@example.net,80,Port Ashleyville
437,martha21,Mark Robinson,jacquelinewalters@example.com,71,Foleymouth
438,mgray,John Newman,adamsmith@example.com,59,Port Linda
439,rwells,Jack Williams,kallen@example.com,29,Ortizstad
440,nthompson,Mary Hall,toddwilliams@example.org,70,North Daniel
441,rossanthony,Joanna Nguyen,lawrence67@example.org,77,South Kristenborough
442,mshah,Elizabeth Nicholson,jorge73@example.com,60,West Meganland
443,cjones,James Ramirez,susan04@example.org,40,Port Jacquelineton
444,perezdevin,Danielle Graham,williamsterri@example.net,58,Aliceville
445,kroberts,Andrea Hayes,ralphowen@example.com,27,Port Johnny
446,meadowskyle,Harold Edwards,qbarnes@example.com,31,Halehaven
447,dhebert,Samuel Leach,omyers@example.org,25,Alexanderport
448,chapmanfernando,Kimberly Moore,thomasjeremy@example.com,43,South Natalieberg
449,zstewart,Steven Carroll,riveraderek@example.com,31,South Kaitlyn
450,thompsonvictoria,David Stephens,tstevens@example.com,20,Nashville
451,qmartin,Allen Vargas,pollardmichelle@example.org,40,West Denniston
452,millersheila,Erica Valencia,isabellaking@example.org,74,Port Mario
453,halltina,Kurt Franco,jamesbeltran@example.com,45,South Richard
454,garciaharold,Shawn Reed,ssummers@example.org,41,East Brianhaven
455,jmoore,Jean Hanson,iharrison@example.com,26,South James
456,ilynch,Mary Mccoy,angelica79@example.org,49,Port Larry
457,mflores,Theresa Snyder,charles29@example.net,58,Port Michaelport
458,jenniferfriedman,Julie Williams,matthewcarson@example.net,58,North Dennishaven
459,destiny67,Maria Jacobs,christine37@example.com,80,Andreahaven
460,wrodriguez,Sarah Moreno,jenniferrodriguez@example.org,64,Port Heidi
461,reidfrank,William Howard,richard08@example.org,23,Smithview
462,dsmith,Alexandria Hudson,dfisher@example.org,55,Port Danielstad
463,phelpsfelicia,Gregory Harris,allenlauren@example.org,67,East Brookefort
464,brian99,Nicholas Jacobson,twilkerson@example.net,21,Kaneborough
465,bnguyen,Jason Bass,ypena@example.net,71,Port Christinaville
466,kimberly31,Joshua Miller,bakerjason@example.org,43,East Heather
467,jwilliams,John Wade,shannonfisher@example.net,43,East Craigland
468,schwartzjennifer,Troy Cook,price@example.com,68,Brownport
469,ronaldcunningham,Amy Hunter,sarabarnes@example.com,76,Lake Jamesfort
470,anthony43,Jessica Wiggins,tinabarton@example.com,44,Lake Christinaton
471,qhenry,Andrea Johnson,amandafisher@example.com,78,West Rita
472,wayne15,Amy Peters,dianarodriguez@example.net,66,New Kathy
473,hreed,Rebekah Poole,oscar96@example.org,23,Port Davidfort
474,dthomas,Mckenzie Cain,lisa58@example.com,24,Joshuaton
475,gary93,Michelle Melendez PhD,tkeith@example.net,59,East Jeremy
476,suttonchristopher,David Mejia,kristin77@example.org,53,Williammouth
477,nicoleharris,Kathryn Hunt,obrienshawn@example.com,61,Mosleyfort
478,andersonalex,Lisa Salas,danielscott@example.org,37,Powellmouth
479,wagnerbryan,Jade James,millerchristopher@example.org,21,South Crystalside
480,howardjamie,Dawn Erickson,benjamin09@example.com,68,South Bridget
481,kevin78,Tyler Johnson,cindy74@example.com,45,Wellschester
482,lisa20,Albert Fernandez,twilson@example.com,63,South Angelfort
483,latoya18,Stephen Gould,josephmckay@example.net,38,New Donaldborough
484,gbarnes,Michael Padilla Jr.,garrett85@example.net,77,Adamchester
485,phillipweber,Charles Elliott,ljackson@example.org,56,New Lindaside
486,oallen,Nicole Welch,ngonzalez@example.net,25,South Kelly
487,amandascott,Nathan Watson,smithkaren@example.net,66,Lake Steven
488,kalvarado,Angela Mann,sandrasmith@example.com,35,West Susanborough
489,amyrichardson,Amy Trevino,vvargas@example.net,77,New Williamchester
490,kevin31,Vincent Haney,ryankerr@example.net,53,Olsenhaven
491,nancy19,Toni Gomez,lacey89@example.com,79,South Laura
492,christopherlittle,Laura Price,gailshields@example.org,67,West Keithfort
493,amanda43,Kari Parker,nthomas@example.org,54,South Francisco
494,istone,Ronald Gordon,arellanokelly@example.com,34,Mendezborough
495,haleyramirez,Elizabeth Johnson,stevecalhoun@example.net,43,Port Katherine
496,stewartveronica,Katrina Shaw,kayla85@example.org,30,North Jason
497,sforbes,Jeff Fisher,angela95@example.com,52,South Michaelbury
498,ronald26,Meredith Edwards,brandonpeterson@example.com,49,North Russellport
499,kelly39,Cameron Griffith,vmclaughlin@example.org,46,Lake Heidi
500,amber71,Meagan Brewer,johnsoneric@example.com,78,Port Lisafurt
501,emily42,Paula Austin,matthewcollins@example.net,48,West Gwendolyn
502,jandersen,Lisa Hughes,joshuasalazar@example.com,31,West Jessica
503,theresascott,Shannon Hunt,rogerskyle@example.org,60,New Jamesbury
504,jesse20,Brenda Singh,wnguyen@example.com,28,Marytown
505,jeffrey29,Brittany Solis,howellkrystal@example.net,60,New Dana
506,kcolon,Elizabeth Kelly,john97@example.net,67,West Thomas
507,brownmegan,Jamie Long,henrywilliams@example.org,74,Frostport
508,csmith,Mrs. Jill Garcia MD,meredithlyons@example.net,42,Lake Julietown
509,heather19,Christopher Poole,kimberly79@example.org,35,Clayberg
510,qgay,Kayla Harris,william58@example.net,49,Bakerton
511,julie48,William Buchanan,emontes@example.com,59,East Robert
512,greendaniel,Deanna Rodriguez,jessica34@example.net,29,Davidmouth
513,nguyenbryce,Christopher Perkins,dennisyoung@example.com,43,Port Amandahaven
514,latoya18,Adrian Sampson,emily80@example.net,48,Brownton
515,jamesgonzalez,Steven Marquez,jenkinsdavid@example.net,22,South Rachelview
516,howellmark,Julie Thompson,loganlauren@example.org,70,Schmidtborough
517,vegamatthew,Larry Rice,zluna@example.org,31,Perrystad
518,klewis,Gary Perez,leebrittany@example.net,48,Robertfort
519,michael77,Shannon Short,wadecynthia@example.com,58,Blackwellburgh
520,deborahgraham,Jamie Weber,awilliams@example.org,56,Ellisville
521,paula19,Cindy Shaffer,brenda05@example.com,61,Gayshire
522,dominguezkathleen,Jennifer Miller,tyler14@example.org,70,Donovanview
523,hardylauren,Rebecca Fitzgerald,mcculloughpeter@example.net,59,Bullockland
524,farleycole,Michael Mitchell,dmorales@example.net,27,Tinaview
525,christopher98,Jerry Mccann,peter85@example.com,59,Dunnshire
526,emily24,Stephanie Nixon,christopher70@example.com,31,Port Kathrynborough
527,gilltracey,Mark Hardy,vgoodman@example.org,55,Ambermouth
528,sanderstonya,Nicholas Nguyen,lindalee@example.com,43,North Jacob
529,kimberlymorales,Devin Watkins,paulfleming@example.org,42,East Juliebury
530,derrick74,Ashley Wiggins,ychapman@example.com,21,North William
531,gonzalezjake,Christina Brown,cevans@example.org,29,Blairchester
532,kholden,Melanie Meyer,nramsey@example.org,75,Nataliehaven
533,alexandrasmith,Marcus Castro,plloyd@example.com,75,Port Denisestad
534,williamsjenny,Andrea Sanders,pattersonmatthew@example.com,40,Port Michellemouth
535,gerickson,Claudia Ford,robertbishop@example.net,21,South Cathy
536,pmurphy,Travis Higgins,petersondeanna@example.com,45,Kristenberg
537,dkane,Rebecca Flores,ryan35@example.com,35,Dylanview
538,grahameric,Charles Snyder,pdavis@example.org,19,Hermanton
539,nicole42,Gina Smith,barnettkendra@example.com,72,Michelleview
540,amberwest,Ronald Schultz,ybrown@example.org,67,Port Amandaland
541,shellysimmons,Nicholas Schmitt,davisstephen@example.net,55,South Anthony
542,james70,Amanda Brown,lunajennifer@example.com,18,Michealberg
543,qbennett,Craig Heath,dandrews@example.org,64,Erinside
544,bburton,Mary Livingston,andrew90@example.com,71,Lake Bruce
545,john76,Curtis Norton,lcrosby@example.net,48,New Ninahaven
546,matthew78,Joseph Perez,julielarson@example.net,74,East Bonnieview
547,markmurray,Amanda Miller,nathancook@example.org,63,Port Vanessatown
548,yorkjoel,Teresa Bush,knightcharles@example.net,59,Lake Micheal
549,sgentry,Olivia Rich,gweaver@example.org,32,West Danielle
550,willisscott,William Baker,murrayanthony@example.net,33,Toddfort
551,christophervillegas,Virginia Woodard,djohnson@example.org,44,East Jacquelineland
552,fjohnson,Michelle Myers,millermatthew@example.org,22,South Alexanderville
553,hallwendy,Nathan Glenn,stephanie20@example.net,46,New Juliehaven
554,leekimberly,Bryan Miller,lindawheeler@example.net,44,East Nancyport
555,jacoblang,Crystal Ward,williefaulkner@example.com,74,Lake Austinshire
556,murraylauren,Isaiah Walters,mwilson@example.org,60,Moralesport
557,clarkelori,Crystal Mcgee,aprilmerritt@example.net,77,Adammouth
558,allenjustin,Hannah Mills,mercedes87@example.com,72,Thompsonland
559,howardnicholas,Jorge Hall,brandysanders@example.com,63,Lake Carrie
560,susangreen,Mitchell Smith,lisaandrews@example.net,79,Lisaberg
561,martinscott,Frederick Crawford,darrell93@example.org,47,East Deniseland
562,cvincent,Rita Baker,newmannicole@example.org,18,Thompsonfort
563,jacob11,Rachel Spears,hadams@example.com,50,North Robert
564,ricardo80,Robert Wong,walkerrobert@example.org,75,Lake Tonya
565,parkermacias,Angela Foster,karina12@example.net,55,Port Natashafort
566,christina49,Joseph Wright,knelson@example.net,41,Herrerafurt
567,beckyking,Angela Greene,patrick32@example.org,36,Amandachester
568,leahsullivan,Samuel Morgan,michael92@example.com,53,Bakerfurt
569,karenwilcox,James Yang,jacobskatherine@example.org,41,North Desiree
570,rossdan,James Alexander,wlarson@example.com,33,Heatherborough
571,amber70,Sharon Armstrong,allison27@example.org,55,East Judy
572,fmaxwell,Cindy Russell,william49@example.net,35,Gregoryberg
573,kennethrichardson,April Green,michael40@example.net,21,Carolmouth
574,welchpriscilla,Caleb Hernandez,shawn12@example.org,28,West Robert
575,grantbarry,Michelle Smith,joneschristopher@example.com,71,North Deniseburgh
576,fcarroll,Jeremy Nichols,christinalawson@example.com,32,Timothymouth
577,clarkzachary,Jenna Fletcher,ericlynn@example.net,62,Janetville
578,jessicaburns,John Webb,samantha34@example.net,51,Shirleyside
579,kristin05,Jeffrey Osborne,qdavis@example.com,39,Whiteberg
580,kelly98,John Dodson,jessicamccann@example.com,19,New Tonya
581,smithdeborah,Eric Deleon,ndalton@example.org,72,North Michaeltown
582,morrisonkimberly,Wendy Crane,cynthia34@example.net,39,West Joshuahaven
583,smithsylvia,Jessica Freeman,antonioharris@example.org,66,New Heidiberg
584,brandonanderson,Gerald Ross,jennifer28@example.com,38,South Lisashire
585,samanthahunt,Traci Perry,mnorton@example.com,31,Cherylview
586,zbenton,Vanessa Moon DDS,james74@example.org,38,East Kelly
587,johnmcfarland,Jenna Reyes,regina67@example.org,78,Ericksonburgh
588,kimberly08,John Price,tthomas@example.org,32,Oliviaton
589,xrasmussen,Curtis Palmer,taylormegan@example.com,48,Wallaceton
590,fhamilton,David Gay,williamscaitlin@example.org,72,Port Kristin
591,justinsimmons,Ryan Kelley,laura75@example.net,26,Port Shanehaven
592,patricia58,Michael Booth PhD,michaelperez@example.net,53,New Laurenport
593,kaitlin48,Calvin Fox,daniel43@example.net,23,Paulview
594,gmedina,April Armstrong,iperry@example.com,30,Sethside
595,warrenconnie,Kerri Wilson,rodriguezlori@example.com,20,Davidtown
596,hcollins,Melissa Singh,michelehicks@example.net,75,New Curtismouth
597,emily79,Robert Munoz,john13@example.net,39,Sawyerland
598,dylanwilliams,Hunter Stephenson,dianamccall@example.org,53,East Kenneth
599,vgarcia,Megan Johnson,tiffanyking@example.org,60,Andrewview
600,david55,Mark Williams,kimberlycook@example.com,77,Phillipschester
601,owensbrian,Joshua Ford,luisalexander@example.net,43,New Katelynville
602,george51,Ryan Parker,colleenrodriguez@example.org,61,New Sarahtown
603,matthewellis,Angela Lynch,ocantrell@example.com,41,Joshuaport
604,joanna38,Katie Lee,rachel74@example.org,39,West Emily
605,cherylwilliams,Robert Henderson,igriffin@example.com,75,Lake Christinafort
606,qjenkins,Heather Brooks,jason88@example.org,71,Adamschester
607,iforbes,Sharon Garcia,dporter@example.net,22,Ryanchester
608,gerald01,Mackenzie Cuevas,kterry@example.org,70,Mendozaside
609,amoore,Antonio Miller,philip75@example.org,73,Lake Thomasview
610,pcurtis,Megan Coffey,whitebradley@example.com,68,Port Heather
611,pdaniels,Stephen Washington,markadams@example.org,71,South Briana
612,dillon64,Gregory Stewart,keith91@example.net,26,Jonesbury
613,carolynperez,Jeffrey Johnson,dhernandez@example.com,71,Williamsburgh
614,johnbruce,Denise Espinoza,michaelbrown@example.com,44,Millershire
615,fosterlouis,Craig Williams,laurathompson@example.com,69,West Sarah
616,johnsoncarrie,Joseph Collins,brittany86@example.net,53,Larryland
617,austinpeter,Kristin Harmon,daniel14@example.org,37,East Brianhaven
618,william74,Chad Kennedy,amandataylor@example.net,23,Andersonside
619,nguyenmichael,Allison Jackson,janepark@example.net,33,Port Justinburgh
620,jeffrey65,Elizabeth Myers,gbutler@example.net,30,North Joshua
621,teresaschmitt,Melissa Cook,lmoore@example.net,41,Stewartland
622,stevenpennington,Jason Thompson,smithmartha@example.org,73,Maryfort
623,bradleymartinez,Natalie Moore,ctyler@example.net,66,Port Jasonberg
624,anthony60,Laura Hicks,william78@example.org,59,Lake Christopherport
625,desiree90,Katie Taylor,anthonymalone@example.com,79,New Abigail
626,davisandrea,Autumn Todd,michael25@example.com,46,New Stephenmouth
627,rsimpson,April Gray,gwendolynpierce@example.com,45,Raymondville
628,brownmichael,Ryan Little,floreselizabeth@example.com,56,South Robert
629,mpace,Elizabeth English,fordphillip@example.org,53,Mcbrideshire
630,juliehenry,Ashley Bowen,chelseacook@example.org,41,Mariaview
631,deborah60,Daniel Rosales,thomasstout@example.com,60,Lake Josephmouth
632,richard13,Christy Buck,valenciarebecca@example.org,28,Lake Briannaborough
633,davisjose,Kathleen Peterson,burnspamela@example.net,43,North Charlesburgh
634,raymondrebekah,Marilyn Flores,epark@example.org,61,South Monica
635,christopher66,Heather Mendoza,lisa24@example.net,76,South Christinamouth
636,yprice,Shawn Lloyd,david62@example.net,45,Williamsstad
637,drakemichelle,Tyler Vaughn,melissa60@example.org,68,East Jenniferhaven
638,smorales,Darrell Peterson,jtaylor@example.org,65,Jasonhaven
639,uholmes,Richard Haynes,brownzachary@example.net,38,New Julie
640,ykeller,Sherry Pollard,hfoster@example.org,67,Lake Jared
641,gstout,Nicole Esparza,christine68@example.net,76,Port Melissa
642,meganboyd,William Moreno,vwoods@example.net,25,Blanchardmouth
643,patricianelson,Michelle Johnson,idalton@example.net,47,North Josephstad
644,gregorymichael,Emily Richardson,billyball@example.com,37,New Jeff
645,williamgonzalez,Phillip White,hebertheather@example.com,80,Richardsonborough
646,cisnerosgabriella,Richard Rodriguez,kwilkerson@example.org,52,Lake Mary
647,ryan59,Marcus Donovan,cordovajessica@example.org,50,East Cynthiafort
648,jenkinsadam,Matthew Allen,wduncan@example.com,66,Jamesview
649,adam20,James Abbott,kathleenhamilton@example.net,30,Lozanobury
650,williamsmichael,Carlos Martinez,ashleysmith@example.net,25,Jensenshire
651,sandrapatel,Rhonda Walker,morenocharles@example.org,62,Jomouth
652,diaztaylor,Danny Joyce,wmartinez@example.com,34,Georgeburgh
653,caseyfarrell,Norman Jimenez,yspencer@example.com,30,Kingberg
654,rosewilliamson,Matthew Cabrera,john85@example.org,23,Ericaland
655,craig92,Adam Allen,peter06@example.com,65,Aprilberg
656,halexander,Lisa Hughes,annette43@example.com,33,West Angela
657,kdominguez,Erica Rogers,lbrown@example.com,34,Smithville
658,jesseesparza,Sydney Thompson,tylerleonard@example.org,28,Davisbury
659,hayden02,Jennifer Salazar,patricia40@example.com,20,North Oscarchester
660,pthompson,Jacob Saunders,rbell@example.com,44,Johnsonside
661,hamiltonkaitlyn,Daniel Lewis,ralph55@example.com,71,Port Theresa
662,gyoung,Christy Horn,frank90@example.net,30,East Lauren
663,timothy72,Wayne Oliver,williamnewman@example.net,25,East Kevinburgh
664,amanda01,Tammy Pace,krista33@example.org,52,Port Darrenhaven
665,matthew87,Carl Martinez,erica13@example.com,69,North Michaelberg
666,michael60,Jo Stewart,tiffanyleblanc@example.net,47,New Daniel
667,aray,Joshua Mcmillan,bearddouglas@example.com,56,East Patrickport
668,rogersjames,Allison Noble,debbiebauer@example.net,42,Christopherfort
669,lmorrison,Tammie Marquez,joshua91@example.net,36,East Patrickchester
670,zsherman,Christopher Grimes,lopeztracy@example.org,31,Jamesburgh
671,bfarley,Ryan Jones,vbyrd@example.net,35,Smithbury
672,chenbeth,Joanna Fuller,hmoreno@example.org,39,Kristinmouth
673,christiantyler,Dawn Wright,lynnlong@example.com,63,Williamsborough
674,amyross,Connie Barker,deleontony@example.net,58,Port Cynthia
675,porteranthony,Mrs. Amber Gray,tiffanyjones@example.net,56,Port Ralphville
676,hmartin,Michele Gregory,hklein@example.net,75,Port Robert
677,brownmorgan,Alexander Ross,steven90@example.com,52,North Olivia
678,chadgreen,Robert Brooks,richardsonanna@example.org,19,East Danielhaven
679,kyle79,Charles Brown,pjohnson@example.org,27,Lake Sandraburgh
680,delacruzsarah,Brittney Taylor,curtis83@example.org,41,Port Taraville
681,msantos,Megan Graham,cjones@example.net,72,South Nathaniel
682,bestdavid,Lori Rice,mbraun@example.net,44,Richardville
683,harrisrobyn,Danny Gonzalez,rasmussenallison@example.com,67,New Rachelland
684,coxrebecca,Courtney Romero,ecook@example.org,74,East Kendra
685,ricardo89,Jeremy George,joseph04@example.net,24,Aaronstad
686,hking,Robert Hernandez,brandon79@example.net,68,Port Joshualand
687,elizabethboyd,Susan Richards,catherinejohnson@example.org,62,Javierstad
688,mooneybrian,Shannon Rodriguez,gloriafranklin@example.com,24,New Mariahaven
689,angela66,Evan Brown,paula85@example.org,79,Brownborough
690,mstark,Stacey Chandler,griffindenise@example.com,61,Lucasfurt
691,kristopher25,Jaime Valdez,bmercado@example.com,26,Angelachester
692,michelle03,Taylor Cochran,baxterjennifer@example.net,76,Cooktown
693,fgeorge,James Gonzales,donna98@example.net,20,Port Marthastad
694,brittany23,Joseph Hughes,ryan38@example.net,78,Lake Brentburgh
695,jill86,Tracey Wolfe,amanda50@example.com,43,Lake Larryberg
696,teresa12,Mark Reyes,fedwards@example.com,45,Meganton
697,ebrown,Kimberly Johns,mariahsmith@example.com,68,North Mary
698,noahhunt,Mr. Steve Kennedy,walter40@example.net,70,Bradleyfort
699,nicolerobertson,Victoria Brown,lisamacias@example.net,37,South Bryanmouth
700,erinpeterson,Valerie Cooper,williamsmichael@example.net,59,Evelynfurt
701,davispeter,Karen Lee,yjames@example.net,70,South Carla
702,carl56,Kimberly Porter,joseph47@example.com,55,East Steven
703,hudsonchristina,Tyler Evans,xherman@example.net,20,Dantown
704,pprice,Gabriela Burton,mooremark@example.com,78,Michaelport
705,timothy25,Emma Green,sheltonrobert@example.com,51,Brownside
706,joelfox,Amanda Burke,sstevens@example.net,57,South Saraton
707,molinalori,Gina Osborn,rachel68@example.org,77,West Frank
708,kingteresa,David Flores,goodwalter@example.net,60,East Summerstad
709,wagnerian,Angela Benson,craig50@example.org,45,Carrieland
710,jeffrey42,Katrina Anderson MD,dtaylor@example.net,56,Williammouth
711,torresmichael,Jenna Bird,nguyenderrick@example.org,22,North Jessicamouth
712,jacobslisa,Keith Burgess,lwagner@example.com,36,Jaredport
713,aolson,Alexis Hopkins,juliecross@example.net,24,East Leahbury
714,susan54,Bianca Williams,elijahking@example.net,70,Josephmouth
715,medinajessica,Amy Arroyo,meagan28@example.com,30,Christinafurt
716,rdavis,Corey Finley,hernandezamy@example.org,51,Patrickhaven
717,wilkinsonmelissa,Darryl Kim,gregorywilliams@example.com,48,New David
718,wangronald,Timothy Hicks,daniel36@example.org,51,Devinfurt
719,samanthanguyen,Evan Williams,uberg@example.org,52,West Christine
720,ralphholland,Jacob Davis,tami16@example.net,48,Emmaside
721,brucethompson,Michael Gross,brian79@example.com,38,Banksview
722,wjones,Jon Martinez,ysummers@example.net,72,Andrewsmouth
723,nicolehood,Kristina Hanson,warneraustin@example.org,45,Murphyton
724,rodney84,John Gonzalez,cristianramirez@example.net,71,North Ashleychester
725,kylehorton,Donald Thomas,james38@example.net,33,West Benjamintown
726,nicole73,Michael Brown,williamslawrence@example.com,29,West Thomasburgh
727,theresa30,Heather Rivera,shelleybrown@example.net,40,New Stephaniemouth
728,igreene,Andrea Reeves,lgibbs@example.com,21,Juanshire
729,diamondshah,Kimberly Matthews,williamnguyen@example.net,74,Aguirrebury
730,christinacollins,William Adams,gilbertchristopher@example.com,76,Nicholasfort
731,larry42,Stacey Allen,abyrd@example.org,33,Stewartchester
732,cynthia54,Nicholas Walsh,paulharrison@example.org,68,Tinaville
733,williammeyer,Ashley Andrews,amanda15@example.com,30,West Mariaburgh
734,rodriguezlisa,Jon Gordon,chriswilliams@example.org,80,Robersonland
735,louis96,Michaela Cummings,hstrickland@example.net,78,Andersonport
736,brianburgess,Emily Larson,fwilson@example.net,39,Hensleyfort
737,alyssa99,Mrs. Taylor Fuller,jessicarivera@example.com,55,Jessicahaven
738,kathybuchanan,Wesley Thomas,khamilton@example.com,35,Owenschester
739,christina36,Jeffery Richard,estradacollin@example.com,27,Christopherchester
740,david37,Daniel Miller,justin60@example.org,61,Crosshaven
741,michaelaperkins,William Mack,reynoldsalicia@example.net,22,Roberttown
742,andrewwatson,Daniel Lang,matthew67@example.org,62,North Michaelhaven
743,sarahroberts,Nathaniel Smith,xfoley@example.com,76,Walshside
744,ashley40,Tina Bradshaw,yrandolph@example.com,63,Adamston
745,nbean,Andrew Ramos,webblindsay@example.org,58,Port Christopherstad
746,bstokes,Charles Johnson,taylorgregory@example.org,32,North Gregory
747,schmidtgina,Gregory Henry,carlariggs@example.org,76,Thomasfort
748,joyproctor,Sheri Elliott,coleandrew@example.com,76,Jessicaside
749,robinjackson,Sierra Olsen,tonya66@example.net,73,East Erika
750,mitchellnancy,George White,leah65@example.net,50,Port Katietown
751,diazmichael,Briana Duran,kiara58@example.net,31,South Beth
752,abigaillyons,Tina Brown,hortondavid@example.org,75,South Jessicaland
753,bsmith,Derrick Howell,michaelmorris@example.com,77,Grantberg
754,robert37,Jasmine Higgins,dawsonjeremy@example.net,32,Markport
755,jimmy30,Katie Davis,williamskayla@example.com,26,Diazfurt
756,lisaparks,Joseph Miller,george07@example.com,54,West Carlosbury
757,kevinchang,Kenneth Miller,josephcain@example.net,39,Davismouth
758,samanthahunt,Charles Gray,knorris@example.org,24,Tammybury
759,donaldshaw,Olivia Sanders,cohenjames@example.net,36,New Michaeltown
760,butlerjill,Brianna Beasley,wvelasquez@example.net,60,Port Shelby
761,christopher73,Jessica Williams,mkennedy@example.net,33,Port Brittanychester
762,brian81,Justin Santiago,ifischer@example.org,79,New Rebeccaport
763,michellechavez,Eric Merritt,rroy@example.org,27,Wilsonstad
764,brownbrian,Debra Williams,deborahrich@example.com,24,Port Karenfort
765,angela74,Dennis Cook,shannonblack@example.com,51,Bentonland
766,smithgregory,Cynthia Shields,hcollier@example.net,30,Velasquezshire
767,cardenaschristopher,Charles Brown,harmoncorey@example.com,53,Fosterport
768,gregoryjones,Laurie Davidson,aevans@example.org,62,Scottburgh
769,eflores,Jeff Scott,joshuanguyen@example.net,68,Jamesview
770,rosearnold,Daniel Lopez,jerrymerritt@example.org,67,East Jackieside
771,marcus16,Dustin Malone,glasstracey@example.net,79,Smithmouth
772,melindaroth,James Mcbride,ylee@example.net,68,Lake Amandatown
773,yjackson,Colleen Bradley,christina31@example.org,62,Judyberg
774,vbentley,William Ford,qcooper@example.org,63,Farleyshire
775,wadams,Kyle Clark,tracy82@example.org,36,Markburgh
776,bradley90,Nicholas Brown,lwalsh@example.org,28,East Matthewville
777,cummingsandrew,Michelle Bender,gregory92@example.org,52,Andrewborough
778,mdavidson,William Murphy,nsmith@example.com,48,Claytonbury
779,alexanderjade,Vicki Sanchez,mark25@example.org,23,Port Jennifer
780,gcooper,Johnny Butler,john11@example.com,19,Harryhaven
781,ohobbs,Linda Hartman,montoyajesus@example.net,66,East Alexandriaville
782,susan04,Lisa Wilson,jgarner@example.org,31,New Michellefort
783,nicholasstout,Jason Garcia,mcrawford@example.net,65,New Ryanmouth
784,cathycampbell,Steven Nguyen,christopher81@example.net,74,Gutierrezberg
785,frederick43,Alexis Powers,shannon38@example.net,18,Cantrellville
786,pamela47,Amanda Jenkins,masonmontgomery@example.net,58,Lake Kenneth
787,ialexander,Ashley Collins,jeffreysmith@example.net,32,West Joelborough
788,joel77,Victor Kennedy,kimberly29@example.net,49,Annemouth
789,johnsondawn,John Swanson,mcclaindonald@example.org,58,New Bryantown
790,kevin31,Tony Shaw,tmueller@example.com,47,East Natashaburgh
791,wlane,Kevin Williams,johnsonspencer@example.org,34,New Duaneside
792,richard99,Cory Spencer,linrichard@example.net,24,Gilesburgh
793,clarence35,Jeanette Hunt,alexandria53@example.com,35,Wesleyton
794,michael72,Erik Ramirez,markcarter@example.net,60,East Michael
795,jbean,Marcus Martinez,jorgestewart@example.com,58,Davidbury
796,shelby38,Jennifer Robinson,saunderssean@example.net,63,Annaberg
797,sparsons,Carol Ford,ifarrell@example.com,18,East Davidmouth
798,eriggs,James Burton,davidoliver@example.com,74,Andrewton
799,qalexander,William Williams,oclark@example.net,25,West Katherineshire
800,kathydavis,Daniel Curry,bgarza@example.com,31,Lake Erica
801,dsantana,Duane David,david38@example.org,21,West Michael
802,eingram,Austin Matthews,judy74@example.org,69,Castilloview
803,sylvia52,Victoria Glover,qrangel@example.com,51,Colleenville
804,harperkevin,Ruth Williams,riveracory@example.org,29,Rebekahport
805,morrismichael,Michelle Holt,michellejames@example.net,59,Leeburgh
806,aprilwood,Kevin Meza,sarah65@example.org,18,Atkinsonmouth
807,brandonmcdonald,David Perez,garciamichelle@example.org,20,Crystalmouth
808,jdelacruz,Abigail Romero,kellerkelly@example.com,37,Rodriguezmouth
809,jbrown,Mary Baird,dstewart@example.org,69,Lake Michael
810,bnewman,Robert Campbell,hgibson@example.org,76,Lake Kevin
811,miranda30,Mary Thompson,estradakevin@example.com,52,Nelsonberg
812,steve36,Susan Mayo,gallowaysusan@example.net,53,Lake Carol
813,ggarcia,Jennifer Evans,jesusbradley@example.com,79,Charlestown
814,ricknixon,Cesar Kane,youngeric@example.com,57,North Bridget
815,anthony97,Brandon Andrade,rebeccamiller@example.com,42,Carlaton
816,jacqueline64,Karen Thomas,olivia69@example.net,63,Jessicaside
817,sara40,Roger Fletcher,leeaaron@example.net,77,South Karen
818,tammymartin,Jeffrey Baxter,gmcdaniel@example.net,42,Ramseyview
819,robertsjustin,Holly Cook,cohenlaura@example.net,36,New Dawntown
820,nancy61,Robert Mann,lanetyler@example.org,26,Port Andrewborough
821,sandra98,Brad Smith,collinsdavid@example.net,50,Christinaside
822,frederickrivas,Stephen Carter,acostasarah@example.com,55,Danielleview
823,andrea55,Amanda Walker,abbottmary@example.com,19,West Chelsea
824,cindy19,Karen Owens,janicegutierrez@example.com,40,Port Katelyn
825,dylan72,Eric Stewart,zmosley@example.org,36,Hensleymouth
826,monica02,Tony Gillespie,stewarttiffany@example.com,39,Ellisonberg
827,samanthamcclure,Daniel Baxter,kelsey07@example.org,42,Arianaburgh
828,marshalldenise,Eric Wiggins,david83@example.org,64,West Jeffreyview
829,benjamingross,Kenneth Nguyen,waltersmith@example.com,27,New Valerie
830,emilyjones,Kelsey Garcia,olivia94@example.com,56,Gomezberg
831,patricklindsey,Russell Cabrera,rogercole@example.org,71,Munozberg
832,bjohnson,Stephanie Novak MD,josephcarrillo@example.net,34,South Melissashire
833,sarahbanks,Diane Martinez,obell@example.net,70,South Carlland
834,valdezjulie,Kelly Smith,jenniferknight@example.org,29,New Feliciachester
835,marystein,Jeff Maxwell,ericwatson@example.net,45,Courtneyside
836,ewilliams,Douglas Carpenter,wdunlap@example.org,65,Boothhaven
837,lancedennis,Joshua Weber,david76@example.org,55,Priceshire
838,hwatson,Elizabeth Evans,meghanterry@example.net,29,Kimberlyport
839,johnsontricia,Danny Moody,ytucker@example.net,77,North Johnchester
840,mark07,Amber Robinson,rothtodd@example.net,37,Barrychester
841,joshuajones,Kristi Ramirez,laura23@example.org,43,Webbport
842,fhuerta,Troy Jones,jessicalewis@example.com,26,Petersonburgh
843,harrismandy,Ashley Newman,elizabeth79@example.org,21,Meyerstown
844,stewartcourtney,Mary Chen,james57@example.com,47,Walterstad
845,ewilliams,Sally Lang,castroandrew@example.org,39,New Connieborough
846,darrylhouston,Mrs. Christie Vang,michaelbradley@example.com,52,North Todd
847,phillipslogan,Tiffany Montgomery MD,vowen@example.com,47,East Andrewside
848,laura08,Ryan Thomas,garnerscott@example.net,55,South David
849,joelharris,Antonio Morris,jonesstephanie@example.net,56,West Lucas
850,julia58,Daniel Schmidt,fthomas@example.net,31,Port Ryan
851,charleslawrence,Marissa Williams,james43@example.net,39,Cooperside
852,cwilson,Carlos Shaffer,adamflores@example.com,56,West Rhondamouth
853,chudson,Deanna Smith,catherineharvey@example.com,50,South Hectorberg
854,millerjames,Amanda Jimenez,michael45@example.net,43,Wardstad
855,sancheztara,Elizabeth Williams,smullins@example.net,51,Port Rebeccaton
856,imoore,Kristin Torres,lisashepherd@example.net,52,West Crystalville
857,devinpayne,Vincent Martinez DDS,evan14@example.net,54,Lake Joelport
858,alicarlos,Jason White,kerriortega@example.org,29,Gonzalezbury
859,paulsalazar,Tonya Jimenez,cunninghamjames@example.com,59,Nicholasville
860,jacobbutler,Guy Perez,gwilliams@example.net,37,Danielburgh
861,ycarter,Jose Carter,walkertiffany@example.com,47,North Pamela
862,amandahamilton,Joseph Rivera,rhondabanks@example.org,49,New Leemouth
863,brandiferguson,Wanda Morgan,taylormelissa@example.org,37,New Yolanda
864,ypage,Rebecca Williams,barnessarah@example.com,46,East Michael
865,hernandezlindsey,Priscilla Johnson,logandeborah@example.net,27,Beckstad
866,littlesteven,Angela Dennis,kimberlystafford@example.org,49,Churchport
867,blackperry,Kimberly Williams,maymarc@example.org,32,Jamesland
868,alawrence,Christine Myers,annette98@example.org,24,Chelseaport
869,robert28,Jennifer Ferrell,amoore@example.org,38,Pamelaburgh
870,christopher91,Zachary Fisher,millerdiane@example.org,63,Jacksonport
871,tammy49,Susan Lopez,turnertimothy@example.net,50,New Davidmouth
872,kellykyle,Kathleen Gordon,christopher10@example.net,34,Lake Kennethview
873,jacob77,Kelly Knox,dariusrussell@example.net,71,Benjamintown
874,hdavis,Patricia Hobbs,sara90@example.org,65,South Melissa
875,wvasquez,Amanda Clark,thenderson@example.org,54,Joditon
876,leebryan,Brandon Hughes,whitneyjones@example.com,52,Toniside
877,bbradley,Zachary May,katelynsmith@example.com,45,Edwardport
878,ystevenson,Donald Wilson,christopherfowler@example.org,71,Ericaland
879,johnstonkatherine,Mary Oneill,yvette12@example.net,36,Howellside
880,deborahbass,Jeffrey Sharp,lance52@example.net,39,Corystad
881,jameswatson,Kelly Spencer,victoriaguerrero@example.org,61,New Michael
882,cdavis,Douglas Taylor,manningdamon@example.net,54,Jacksonport
883,tony48,Michael Johnson,ashleygraves@example.net,24,Port James
884,summersandrea,Seth Flores,brenda59@example.net,47,Lake Dianeview
885,ajones,Stacey Reyes,joselynch@example.net,57,South Debraville
886,dwalker,David Wood,seanfernandez@example.net,30,South David
887,morenolisa,Mr. Victor Gutierrez,christensenbradley@example.org,70,West Michael
888,watersapril,Deborah Green,jennifermoran@example.net,48,Conradland
889,ingramapril,Vincent Walker,stephaniemiller@example.org,31,East Katherinebury
890,atkinsonmakayla,Marc Duran,gibsonmark@example.net,60,Padillaburgh
891,lucerodavid,Michael Vaughan,qphillips@example.net,64,Port Mandyfort
892,hlewis,Jennifer Mendoza,margaretvega@example.org,21,Port Alanhaven
893,xthompson,Cathy Moreno,jamesmcdowell@example.net,27,Crawfordfort
894,pottsdale,Kathleen Jones,april70@example.com,23,East Franceston
895,david75,Julie Lopez,oscar22@example.net,51,Hernandezburgh
896,joshuacruz,Michael Saunders,heidivaughn@example.org,57,Lake Denise
897,piercejoshua,Edward Bridges,bennettevan@example.net,27,New Michellestad
898,scott20,Tiffany Williams,keyrichard@example.net,75,Charlesside
899,jessica68,Jesse Ellis,jacksonmorgan@example.org,48,Michaelmouth
900,ortizjoseph,Sarah Mendoza,amyjohnston@example.com,67,Angelaton
901,randystephens,Sandra Webb,charles94@example.net,52,Smithchester
902,taylorstephanie,Joshua Gonzales,trivas@example.com,35,Lake Lorihaven
903,lynnjohnson,Elizabeth Montes,aaronmoore@example.org,35,Whitechester
904,evansmarcus,Christopher Carney,chelsea29@example.org,65,Port Alexanderberg
905,richardsonlori,Shelby Garcia,qsmith@example.net,47,Fisherstad
906,ysmith,Eric Ferrell,joycenancy@example.com,63,Dustinside
907,gillespiemark,Matthew Scott,mary92@example.com,47,Mariamouth
908,ronald66,Jacob Stephens,jesushamilton@example.com,75,West Virginiafurt
909,zachary18,Allison Smith,awilliams@example.net,37,Mooreside
910,christopher05,Mark Gibson,stevensonsydney@example.org,80,Williamsborough
911,lramsey,Anna Salinas,hansonjeremy@example.net,51,Jamietown
912,victoriacampbell,Joseph Wagner,heatherbarrera@example.org,75,Brianchester
913,franklincaleb,Amanda Soto,lisa06@example.net,62,Elizabethburgh
914,joshua04,Brian Gonzalez,elizabethmartinez@example.net,49,New Michaelhaven
915,joshua17,Calvin Herrera,fcampbell@example.org,26,Marshton
916,jeffrey65,Brandon Lawrence,oabbott@example.net,31,North Jomouth
917,ojohnson,Nicole Clark,colinjohnston@example.com,64,Jesuschester
918,dross,Angela Wilson PhD,raguilar@example.com,18,Stevensport
919,lisa12,Brady Munoz,ydavis@example.com,63,North James
920,agibson,Nicole Mann,mikayla69@example.com,67,Port Jamesside
921,sara67,Tammy Heath,dhumphrey@example.org,75,Markville
922,brianallen,James Baird,phillip14@example.net,25,Lake Kirkmouth
923,amyhamilton,Dawn Andersen,brian31@example.net,38,New Christophershire
924,jessica67,Nichole Blair,zachary86@example.org,56,Coreytown
925,cguerrero,John Sanders,justin61@example.com,33,Callahanview
926,andersonkathleen,Michelle Welch,hburnett@example.com,48,Olsentown
927,ashleyclark,Lauren Young,perkinsharry@example.com,34,Port Barbaramouth
928,ssmith,Benjamin Harris,elijah64@example.com,32,West Isaacmouth
929,fchambers,Tara Romero,jamesdoyle@example.net,63,Youngtown
930,suegood,Eric Anderson,amanda51@example.com,20,Deannatown
931,deannastephens,Jeffrey Serrano,moralesnicole@example.net,66,West Gavinfort
932,rollinsjames,Alexandra Hamilton,ishaw@example.com,38,Hollyfurt
933,ygonzales,Mark Hall,april61@example.org,27,Maryfurt
934,alexis53,Larry Hammond,rkaiser@example.org,23,Christopherbury
935,mark72,Katrina Peterson,ccannon@example.com,35,East Isaac
936,gilbert06,Kaitlyn Murray,darrell54@example.net,79,Port Sandra
937,brownmatthew,Rebecca Brewer,denisepalmer@example.net,24,Wallsport
938,leonard43,Miranda Jensen,brian98@example.org,42,East Michael
939,qreeves,Jason Baker,larryroy@example.org,75,South Diana
940,brownjoshua,Kristi Davis,gloria62@example.com,22,Ryanland
941,james24,Jerry Brown,kruegersteven@example.net,42,Port Derrickberg
942,morgankimberly,Thomas Olsen,mpittman@example.org,34,Lake Sarahbury
943,connorwalker,Jillian Wolf,ffletcher@example.net,31,Murphyfort
944,cgarcia,Andrew Morris,lbell@example.net,47,Brownmouth
945,james33,Ashley Anderson,michaelblanchard@example.net,73,Brianshire
946,amy63,Tyler Lopez,hcampbell@example.com,35,Jonesshire
947,samantharowland,Joshua Brown,velazquezmatthew@example.org,79,East Oscarmouth
948,daniellegibbs,Jamie Duncan,millsjacob@example.org,75,Schmittberg
949,dalewalker,Eric Sanchez,luis77@example.net,58,Laurenchester
950,emilyjohnson,Leah Aguilar,timothyjohnson@example.net,66,Milesside
951,andrewjones,Kelly Sweeney,floreschristine@example.com,23,South Mary
952,jonesbrandon,Chloe Clark,tina65@example.com,27,Port Taylorshire
953,angela20,Megan Taylor,deborahsmith@example.org,35,Staceyberg
954,kellyjames,Willie Olson,karawebster@example.org,26,North Stephanie
955,anthony44,Cristina Wood,sdaniels@example.org,48,Jeffreyfurt
956,paigeking,Blake Mitchell,matthew21@example.net,27,East Sandra
957,hernandezkaren,Vernon Johnson,betty59@example.org,48,Russellmouth
958,raymond36,Kaylee Winters,lestrada@example.net,19,Lake Karen
959,thompsonrebecca,Joseph Willis,teresa75@example.com,40,North Emilybury
960,robert47,Colton Williams,theresa55@example.org,75,Patrickmouth
961,joshuasmith,Larry Whitaker,tmorrow@example.org,22,Lake Destinyfort
962,angela90,Nicole Perkins,lesterbrian@example.net,54,Lake Michael
963,taylorbriggs,Barbara Young,michael06@example.net,65,North Kenneth
964,barbara39,Bobby Miller,kayla23@example.com,38,Peterbury
965,vmathis,Trevor Murphy,adrienne71@example.com,57,Obrienshire
966,sarah89,Zachary Hodges,amber62@example.com,28,East Timothy
967,mbass,Carol Wells,jessica93@example.net,60,Marissaside
968,kperez,Molly Wood,hannahstewart@example.com,38,Lake Mariahland
969,omorgan,Blake Jordan,martinisabella@example.org,38,Fosterbury
970,wmorrow,Joseph Brown,annawatson@example.net,65,Lake Toddstad
971,lwilliamson,Rachel Reid,molly61@example.net,58,New Alexander
972,pdelacruz,Shane Oconnor,cynthiaward@example.com,59,Sanchezfort
973,msnyder,Michael Ruiz PhD,davisrobert@example.net,68,Evelynville
974,matthew61,Amber Mejia,fwiggins@example.com,77,Amberstad
975,anthonyfox,Cody Floyd,brittany64@example.net,29,Johnsonberg
976,bryantjason,Steven Henry,fowen@example.net,55,Washingtonberg
977,collinskristin,Diamond Escobar,christopher99@example.org,55,Ochoafurt
978,christina52,Angela Morris,torressonya@example.net,21,New Jenniferview
979,sotonicholas,Rebecca Peterson,lwaters@example.org,47,Christopherchester
980,bowmanjuan,Christy Lee,usantiago@example.net,75,Karifort
981,rhondamullins,Monique Mills,blawson@example.net,46,Lake Zacharyville
982,swade,Steven Herrera,mark10@example.net,64,Samanthahaven
983,timothy64,Crystal Jackson,buchananmichael@example.org,47,New Preston
984,bryan72,Elaine Martin,jakewiley@example.net,63,South Amanda
985,kathryn28,Luis Burke,jeremy23@example.org,21,East Sara
986,fking,Deanna Osborne,donna45@example.com,78,North Michaelborough
987,nsharp,Wanda Miller,victorialee@example.org,68,North Timothyshire
988,jennifer61,Scott Romero,millerjeffrey@example.com,46,Lake Aaron
989,hickspamela,Yvonne Tapia,erica99@example.net,61,North Emma
990,douglasgilbert,John Bird,brennanandrew@example.com,50,Jessicaport
991,nbaker,Matthew Duke,bobbyhale@example.com,72,Davidton
992,xho,Jeffery Jordan,andersonbriana@example.net,45,Clarkbury
993,fharrison,Adam Lynn,raymondwilliams@example.com,45,Daltonmouth
994,andrea44,Carl Santana,jonathangarcia@example.com,52,Susanfort
995,austinmichelle,Austin Scott,caroline68@example.org,65,South Christinaview
996,robertford,Dr. Howard Williams,sophiastevens@example.net,33,South Michaelmouth
997,kyle86,Lacey Brewer DVM,crivera@example.net,26,Davidfurt
998,wendy95,Tyler Lopez,margaretbutler@example.com,62,Angelabury
999,fevans,Kimberly Holmes,tonya06@example.net,52,Garcialand
1000,daisyvaughan,Brian Gilbert,claudia80@example.org,22,East Candice
